,enzyme,organism,reference,pubmed_id
0,1.1.1.1,Cricetulus griseus,285556,6794566
1,1.1.1.1,Ctenopharyngodon idella,285557,-
2,1.1.1.1,"Saccharomyces cerevisiae, Kluyveromyces marxianus",285558,2193901
3,1.1.1.1,Vicia faba,285559,-
4,1.1.1.1,Suncus murinus,285560,2666017
5,1.1.1.1,Oryza sativa,285561,-
6,1.1.1.1,Najas marina,285562,-
7,1.1.1.1,"Drosophila funebris, Drosophila immigrans, Scaptodrosophila lebanonensis, Drosophila melanogaster, Drosophila simulans, Drosophila virilis",285563,-
8,1.1.1.1,Mus musculus,285564,2053480
9,1.1.1.1,"Homo sapiens, Rattus norvegicus",285565,-
10,1.1.1.1,Homo sapiens,285566,2936344
11,1.1.1.1,Homo sapiens,285567,236461
12,1.1.1.1,Homo sapiens,285568,6342669
13,1.1.1.1,Homo sapiens,285569,6397223
14,1.1.1.1,Homo sapiens,285570,6395883
15,1.1.1.1,Homo sapiens,285571,6375718
16,1.1.1.1,Homo sapiens,285572,6342668
17,1.1.1.1,Homo sapiens,285573,836289
18,1.1.1.1,Homo sapiens,285574,3360008
19,1.1.1.1,Homo sapiens,285575,2819035
20,1.1.1.1,Homo sapiens,285576,7011320
21,1.1.1.1,Homo sapiens,285577,7003596
22,1.1.1.1,Homo sapiens,285578,427099
23,1.1.1.1,Saimiri sciureus,285579,7011375
24,1.1.1.1,Macaca mulatta,285580,7030395
25,1.1.1.1,Equus caballus,285581,3595610
26,1.1.1.1,Equus caballus,285582,6755178
27,1.1.1.1,Equus caballus,285583,-
28,1.1.1.1,Equus caballus,285584,6347187
29,1.1.1.1,Equus caballus,285585,10352696
30,1.1.1.1,Equus caballus,285586,1935957
31,1.1.1.1,Equus caballus,285587,-
32,1.1.1.1,Equus caballus,285588,3758068
33,1.1.1.1,Equus caballus,285589,2753206
34,1.1.1.1,Equus caballus,285590,831772
35,1.1.1.1,Equus caballus,285591,488110
36,1.1.1.1,Equus caballus,285592,18587844
37,1.1.1.1,Scaptodrosophila lebanonensis,285593,10366509
38,1.1.1.1,Equus caballus,285594,7041828
39,1.1.1.1,Equus caballus,285595,6989598
40,1.1.1.1,Equus caballus,285596,7000185
41,1.1.1.1,Equus caballus,285597,20851
42,1.1.1.1,Drosophila melanogaster,285598,8053914
43,1.1.1.1,Gallus gallus,285599,658420
44,1.1.1.1,Oryctolagus cuniculus,285600,3161873
45,1.1.1.1,Oryctolagus cuniculus,285601,2916992
46,1.1.1.1,Mesocricetus auratus,285602,3178842
47,1.1.1.1,Mus musculus,285603,6360682
48,1.1.1.1,Rattus norvegicus,285604,3816781
49,1.1.1.1,Rattus norvegicus,285605,2269340
50,1.1.1.1,Rattus norvegicus,285606,6354095
51,1.1.1.1,Saara hardwickii,285607,8612630
52,1.1.1.1,Homo sapiens,285608,7876099
53,1.1.1.1,Equus caballus,285609,3778867
54,1.1.1.1,Equus caballus,285610,8286346
55,1.1.1.1,Saccharolobus solfataricus,285611,8433371
56,1.1.1.1,Naja naja,285612,8612631
57,1.1.1.1,Drosophila melanogaster,285613,-
58,1.1.1.1,Oncorhynchus mykiss,285614,640168
59,1.1.1.1,Coturnix coturnix,285615,2789998
60,1.1.1.1,Scaptodrosophila lebanonensis,285616,2943270
61,1.1.1.1,Drosophila melanogaster,285617,3134011
62,1.1.1.1,"Drosophila melanogaster, Drosophila simulans",285618,3142528
63,1.1.1.1,"Drosophila melanogaster, Drosophila simulans, Drosophila virilis",285619,6796069
64,1.1.1.1,Drosophila melanogaster,285620,-
65,1.1.1.1,Saccharolobus solfataricus,285621,3115775
66,1.1.1.1,Zymomonas mobilis,285622,7030207
67,1.1.1.1,Zymomonas mobilis,285623,-
68,1.1.1.1,Chlamydomonas moewusii,285624,-
69,1.1.1.1,Saccharolobus solfataricus,285625,1463738
70,1.1.1.1,Glycine max,285626,-
71,1.1.1.1,Petroselinum crispum,285627,-
72,1.1.1.1,Camellia sinensis,285628,-
73,1.1.1.1,Brassica napus,285629,-
74,1.1.1.1,Zea mays,285630,-
75,1.1.1.1,Zea mays,285631,-
76,1.1.1.1,Triticum turgidum,285632,16661226
77,1.1.1.1,Triticum monococcum,285633,485168
78,1.1.1.1,Hordeum vulgare,285634,-
79,1.1.1.1,"Avena sativa, Citrullus lanatus, Glycine max, Oryza sativa, Pisum sativum, Triticum aestivum, Zea mays",285635,16662899
80,1.1.1.1,Aspergillus nidulans,285636,3156582
81,1.1.1.1,"Candida sp. (in: Saccharomycetales), Candida sp. (in: Saccharomycetales) N-16",285637,-
82,1.1.1.1,Euglena longa,285638,4455216
83,1.1.1.1,Sporotrichum pulverulentum,285639,-
84,1.1.1.1,"Meyerozyma guilliermondii, Meyerozyma guilliermondii B10-05",285640,-
85,1.1.1.1,"Saccharomyces cerevisiae, Equus caballus",285641,10900146
86,1.1.1.1,Saccharomyces cerevisiae,285642,3282541
87,1.1.1.1,Saccharomyces cerevisiae,285643,6368531
88,1.1.1.1,Saccharomyces cerevisiae,285644,7044497
89,1.1.1.1,Saccharomyces cerevisiae,285645,4352908
90,1.1.1.1,"Saccharomyces cerevisiae, Schizosaccharomyces pombe",285646,3546317
91,1.1.1.1,Equus caballus,285647,8532667
92,1.1.1.1,Equus caballus,285648,9059637
93,1.1.1.1,Saccharomyces cerevisiae,285649,9546603
94,1.1.1.1,Mesocricetus auratus,285650,8730210
95,1.1.1.1,Homo sapiens,285651,2099148
96,1.1.1.1,Zea mays,285652,8166623
97,1.1.1.1,Equus caballus,285653,10425719
98,1.1.1.1,Megalodesulfovibrio gigas,285654,8491707
99,1.1.1.1,Entamoeba histolytica,285655,8537663
100,1.1.1.1,Alligator mississippiensis,285656,8365416
101,1.1.1.1,Equus caballus,285657,8973191
102,1.1.1.1,Thermoanaerobacter brockii,437848,7430065
103,1.1.1.1,Saccharomyces cerevisiae,654053,12136146
104,1.1.1.1,Crocus sativus,654140,-
105,1.1.1.1,Pseudomonas fluorescens,654294,12172614
106,1.1.1.1,Homo sapiens,654370,15369820
107,1.1.1.1,"Saccharolobus solfataricus (P39462), Saccharolobus solfataricus",654684,14661950
108,1.1.1.1,Homo sapiens,654727,15449945
109,1.1.1.1,"Mus musculus (Q9QYY9), Mus musculus",654730,14756569
110,1.1.1.1,"Equus caballus (P00327), Equus caballus",654743,15023053
111,1.1.1.1,"Geobacillus stearothermophilus (P42328), Geobacillus stearothermophilus, Geobacillus stearothermophilus LLD-R (P42328)",654751,15122892
112,1.1.1.1,"Acetobacter pasteurianus, Acetobacter pasteurianus SKU1108",655058,12834271
113,1.1.1.1,"Rhodococcus ruber, Rhodococcus ruber DSM 44541",655082,15007841
114,1.1.1.1,Homo sapiens,655197,11964133
115,1.1.1.1,"Equus caballus, Homo sapiens",655206,12604203
116,1.1.1.1,"Equus caballus, Mus musculus",655233,12184789
117,1.1.1.1,Thermomicrobium roseum,655262,12031468
118,1.1.1.1,"Homo sapiens, Mus musculus",655479,15096205
119,1.1.1.1,Saccharomyces cerevisiae,655649,12702265
120,1.1.1.1,"Saccharomyces cerevisiae, Thermoanaerobacter brockii",655735,11809419
121,1.1.1.1,Saccharomyces cerevisiae,655741,11893392
122,1.1.1.1,"Entamoeba histolytica, Entamoeba histolytica HM1:1MSS",655804,15150165
123,1.1.1.1,Homo sapiens,656058,11997393
124,1.1.1.1,Pelophylax perezi,656168,12902331
125,1.1.1.1,Geobacillus stearothermophilus,656475,-
126,1.1.1.1,"Aeropyrum pernix, Aeropyrum pernix (Q9Y9P9), Aeropyrum pernix DSM 11879 (Q9Y9P9)",656525,12927540
127,1.1.1.1,"Entamoeba histolytica, Entamoeba histolytica HM1",656604,12058720
128,1.1.1.1,"Pseudomonas aeruginosa, Pseudomonas aeruginosa PaADH",657302,15152088
129,1.1.1.1,Scaptodrosophila lebanonensis,657317,12660997
130,1.1.1.1,Rhodococcus erythropolis,658321,18629898
131,1.1.1.1,Zygosaccharomyces rouxii,658565,-
132,1.1.1.1,Acinetobacter calcoaceticus,659674,2231596
133,1.1.1.1,Neurospora crassa,659773,-
134,1.1.1.1,"Escherichia coli, Hafnia alvei, Klebsiella oxytoca, Klebsiella pneumoniae, Pseudomonas aeruginosa",660650,9161610
135,1.1.1.1,"Mucor circinelloides, Mucor circinelloides YR-1",667237,15917606
136,1.1.1.1,"Leifsonia sp., Leifsonia sp. S749",667255,16000771
137,1.1.1.1,"Pyrococcus furiosus (Q8TZM9), Pyrococcus furiosus",667266,16391048
138,1.1.1.1,Saccharomyces cerevisiae,667307,15581588
139,1.1.1.1,Zymomonas mobilis,667340,16027951
140,1.1.1.1,Mus musculus,667832,16431092
141,1.1.1.1,"Mus musculus, Rattus norvegicus",668205,16047160
142,1.1.1.1,Equus caballus,668487,16226743
143,1.1.1.1,"Saccharomyces cerevisiae, Flavobacterium frigidimaris (Q8L3C9), Flavobacterium frigidimaris, Flavobacterium frigidimaris KUC-1 (Q8L3C9), Flavobacterium frigidimaris KUC-1",668532,17072683
144,1.1.1.1,Kluyveromyces lactis,668675,16630282
145,1.1.1.1,Malus domestica,669022,15826070
146,1.1.1.1,"Fragaria x ananassa, Methylorubrum extorquens",669027,16390205
147,1.1.1.1,Saccharomyces cerevisiae,669148,15809336
148,1.1.1.1,"Brevibacterium sp., Brevibacterium sp. KU 1309",669540,16243283
149,1.1.1.1,Homo sapiens,669630,16721836
150,1.1.1.1,Cucumis melo,670572,16897483
151,1.1.1.1,Saccharolobus solfataricus,677301,15299411
152,1.1.1.1,"Saccharolobus solfataricus, Saccharolobus solfataricus DSM 1617",678116,8555238
153,1.1.1.1,Saccharolobus solfataricus,678121,10074357
154,1.1.1.1,Saccharolobus solfataricus,678363,2121281
155,1.1.1.1,"Pseudomonas putida (Q76HN6), Pseudomonas putida, Pseudomonas putida S-5 (Q76HN6)",678779,16926497
156,1.1.1.1,"Saccharolobus solfataricus (P39462), Saccharolobus solfataricus",679816,12650918
157,1.1.1.1,"Saccharolobus solfataricus, Saccharolobus solfataricus Gtheta",679883,9919650
158,1.1.1.1,"Saccharolobus solfataricus, Sulfolobus sp. (P50381), Sulfolobus sp., Sulfolobus sp. RC3 (P50381)",680428,8550434
159,1.1.1.1,Saccharolobus solfataricus,680442,12813087
160,1.1.1.1,"Saccharolobus solfataricus (P39462), Saccharolobus solfataricus",681372,12051852
161,1.1.1.1,"Saccharolobus solfataricus (Q9UXF1), Saccharolobus solfataricus P2 (Q9UXF1), Saccharolobus solfataricus P2",681629,17824633
162,1.1.1.1,Saccharolobus solfataricus,681763,11265460
163,1.1.1.1,Saccharolobus solfataricus,682627,11932492
164,1.1.1.1,Saccharolobus solfataricus,682630,7770449
165,1.1.1.1,Thermus sp.,684246,-
166,1.1.1.1,Rattus norvegicus,684336,17488809
167,1.1.1.1,"Candida parapsilosis (B2KJ46), Candida parapsilosis",684556,17435004
168,1.1.1.1,"Thermus thermophilus, Thermus thermophilus HB27 / ATCC BAA-163 / DSM 7039",684583,18456852
169,1.1.1.1,Saccharomyces cerevisiae (P00331),684586,18065623
170,1.1.1.1,Corynebacterium glutamicum R,684612,17646983
171,1.1.1.1,"Neurospora crassa, Neurospora crassa (Q9P6C8), Neurospora crassa DSM 1257 (Q9P6C8), Neurospora crassa FGSC2489",684614,17516063
172,1.1.1.1,"Picrophilus torridus (Q6L0S1), Picrophilus torridus",684620,17989975
173,1.1.1.1,"Schizosaccharomyces pombe (Q09669), Schizosaccharomyces pombe",684960,16999687
174,1.1.1.1,Equus caballus (P00327),685155,17429946
175,1.1.1.1,"Geobacillus stearothermophilus (P42328), Geobacillus stearothermophilus",685180,17223705
176,1.1.1.1,"Kluyveromyces marxianus (A1IIA3), Kluyveromyces marxianus (A1IIA4), Kluyveromyces marxianus, Kluyveromyces marxianus DMKU 3-1042 (A1IIA3), Kluyveromyces marxianus DMKU 3-1042 (A1IIA4)",685652,17485854
177,1.1.1.1,Equus caballus,685703,17685894
178,1.1.1.1,Saccharomyces cerevisiae,685776,18335956
179,1.1.1.1,Homo sapiens,686331,18224440
180,1.1.1.1,Natronomonas pharaonis,686626,18189118
181,1.1.1.1,Saccharomyces cerevisiae,687134,18456317
182,1.1.1.1,Vitis vinifera,687228,17348683
183,1.1.1.1,Saccharomyces cerevisiae,687831,17274452
184,1.1.1.1,Magnusiomyces capitatus,687850,17368401
185,1.1.1.1,Homo sapiens,687976,18484658
186,1.1.1.1,Saccharomyces cerevisiae,688435,-
187,1.1.1.1,"Devosia riboflavina, Devosia riboflavina KNK10702",688442,-
188,1.1.1.1,Saccharomyces cerevisiae,688657,17203966
189,1.1.1.1,Saccharomyces cerevisiae,688866,17975074
190,1.1.1.1,Homo sapiens,689316,17632320
191,1.1.1.1,Saccharomyces cerevisiae,689887,18317889
192,1.1.1.1,"Saccharomyces cerevisiae (P00330), Saccharomyces cerevisiae",690211,18302314
193,1.1.1.1,Homo sapiens,691867,18505683
194,1.1.1.1,"Thermoanaerobacter ethanolicus (Q0PH30), Thermoanaerobacter ethanolicus, Thermoanaerobacter ethanolicus JW 200 (Q0PH30), Thermoanaerobacter ethanolicus JW 200",695536,17981479
195,1.1.1.1,Saccharomyces cerevisiae,695705,19578994
196,1.1.1.1,"Thermus sp. (B2ZRE3), Thermus sp. ATN1 (B2ZRE3)",695811,18704396
197,1.1.1.1,Equus caballus,695889,19583966
198,1.1.1.1,Saccharomyces cerevisiae,696411,18515108
199,1.1.1.1,Mus musculus,697214,19011746
200,1.1.1.1,Equus caballus,697215,18850316
201,1.1.1.1,"Saccharomyces cerevisiae, Saccharomyces pastorianus (B6UQD0), Saccharomyces pastorianus, Saccharomyces pastorianus Y379-50 (B6UQD0)",697267,19022233
202,1.1.1.1,Saccharomyces cerevisiae,697658,-
203,1.1.1.1,Equus caballus,697660,-
204,1.1.1.1,"Thermoanaerobacter brockii, Equus caballus (P00327), Saccharomyces cerevisiae (P00330)",697669,-
205,1.1.1.1,Homo sapiens,697802,19332052
206,1.1.1.1,"Saccharolobus solfataricus (P39462), Saccharolobus solfataricus",697839,19588068
207,1.1.1.1,"Anastrepha fraterculus, Anastrepha obliqua",698114,21637665
208,1.1.1.1,"Saccharomyces cerevisiae (P00330), Saccharomyces cerevisiae",699019,19034537
209,1.1.1.1,"Parageobacillus thermoglucosidasius (Q6RS93), Parageobacillus thermoglucosidasius, Parageobacillus thermoglucosidasius M10EXG (Q6RS93)",699071,18436321
210,1.1.1.1,"Euglena gracilis (B8QU18), Euglena gracilis, Euglena gracilis Z (B8QU18)",699249,19120802
211,1.1.1.1,Mus musculus,699982,19013301
212,1.1.1.1,"Thermoplasma acidophilum (Q9HIM3), Thermoplasma acidophilum",700124,19058034
213,1.1.1.1,"Homo sapiens (P00326), Homo sapiens (P08319), Homo sapiens",701322,18242813
214,1.1.1.1,"Saccharolobus solfataricus (P39462), Saccharolobus solfataricus",718470,11541089
215,1.1.1.1,"Sulfurisphaera tokodaii (F9VMI9), Sulfurisphaera tokodaii",718627,19139244
216,1.1.1.1,"Sulfolobus acidocaldarius (Q4J9F2), Sulfolobus acidocaldarius, Sulfolobus acidocaldarius DSM 639 (Q4J9F2)",718681,22805786
217,1.1.1.1,"Sulfolobus acidocaldarius (Q4J702), Sulfolobus acidocaldarius (Q4J9F2), Sulfolobus acidocaldarius, Sulfolobus acidocaldarius DSM 639 (Q4J702), Sulfolobus acidocaldarius DSM 639 (Q4J9F2)",719428,20049620
218,1.1.1.1,Saccharolobus solfataricus (P39462),720145,-
219,1.1.1.1,"Saccharolobus solfataricus (P39462), Saccharolobus solfataricus",720330,15253444
220,1.1.1.1,"Ogataea angusta (H9ZGN0), Ogataea angusta, Ogataea angusta DL-1 (H9ZGN0)",721388,22249723
221,1.1.1.1,"Oenococcus oeni, Oenococcus oeni DSM 20252",721395,23385476
222,1.1.1.1,Rattus norvegicus,721749,3730426
223,1.1.1.1,"[Candida] maris, [Candida] maris IFO10003",721868,21670533
224,1.1.1.1,"Carboxydothermus hydrogenoformans, Carboxydothermus hydrogenoformans Z-2901 / DSM 6008",721911,23160740
225,1.1.1.1,"Columba livia (P86883), Scyliorhinus canicula (P86884)",722012,21329683
226,1.1.1.1,"Homo sapiens, Rattus norvegicus",722013,23159888
227,1.1.1.1,Homo sapiens,722073,21784063
228,1.1.1.1,"Pyrococcus furiosus (Q8U259), Pyrococcus furiosus",722203,16463078
229,1.1.1.1,"Bombyx mori (Q1G151), Bombyx mori",722337,21734824
230,1.1.1.1,"Rhodococcus ruber, Rhodococcus ruber 219, Rhodococcus ruber DSM 44514",722888,22584819
231,1.1.1.1,"Glycine max (Q9ZT38), Glycine max, Glycine max Enrei (Q9ZT38)",723437,21811849
232,1.1.1.1,Geobacillus stearothermophilus,723979,23686507
233,1.1.1.1,"Saccharolobus solfataricus (P39462), Saccharolobus solfataricus, Saccharolobus solfataricus P2 (P39462)",725194,20377222
234,1.1.1.1,"Aeropyrum pernix (Q9Y9P9), Aeropyrum pernix, Aeropyrum pernix DSM 11879 (Q9Y9P9)",726572,12499562
235,1.1.1.1,"Haloferax volcanii (D4GSN2), Haloferax volcanii, Haloferax volcanii DSM 3757 (D4GSN2)",726769,22526808
236,1.1.1.1,Aeropyrum pernix,727064,15752697
237,1.1.1.1,"Aeropyrum pernix (Q9Y9P9), Aeropyrum pernix ATCC 700893 / DSM 11879 / JCM 9820 / NBRC 100138 / K1 (Q9Y9P9)",728012,16233615
238,1.1.1.1,Haloferax volcanii,728289,24062264
239,1.1.1.1,"Parageobacillus thermoglucosidasius, Parageobacillus thermoglucosidasius C56-YS93",735360,24100328
240,1.1.1.1,"Corynebacterium glutamicum, Corynebacterium glutamicum ATCC 13032",735481,21441331
241,1.1.1.1,Thermococcus kodakarensis (Q5JI09),735486,23354700
242,1.1.1.1,Yokenella sp. (W6CX26),735498,24509923
243,1.1.1.1,"Thermoanaerobacter sp. (B0K4A2), Thermoanaerobacter sp.",735506,26253677
244,1.1.1.1,"Geobacillus stearothermophilus (P42328), Geobacillus stearothermophilus",735548,26329849
245,1.1.1.1,Saccharomyces cerevisiae,735629,9163331
246,1.1.1.1,Micrococcus luteus,735809,25545273
247,1.1.1.1,"Thermoanaerobacter pseudethanolicus (B0KBJ9), Thermoanaerobacter pseudethanolicus (B0KBL1), Thermoanaerobacter pseudethanolicus ATCC 33223 (B0KBL1), Thermoanaerobacter pseudethanolicus ATCC 3322 (B0KBJ9)",735820,26442761
248,1.1.1.1,"Lactococcus lactis subsp. lactis (Q9CEN0), Lactococcus lactis subsp. lactis IL1403 (Q9CEN0)",735831,24078128
249,1.1.1.1,Saccharomyces cerevisiae,735836,26560680
250,1.1.1.1,"Kluyveromyces marxianus (G3FFC9), Kluyveromyces marxianus (V9SCJ1), Kluyveromyces marxianus (V9SDP6), Kluyveromyces marxianus (V9SFA1), Kluyveromyces marxianus GX-UN120 (G3FFC9), Kluyveromyces marxianus GX-UN120 (V9SCJ1), Kluyveromyces marxianus GX-UN120 (V9SDP6), Kluyveromyces marxianus GX-UN120 (V9SFA1)",735841,24885162
251,1.1.1.1,"Zymomonas mobilis subsp. mobilis (P0DJA2), Zymomonas mobilis subsp. mobilis ATCC 31821 (P0DJA2)",735848,27213504
252,1.1.1.1,"Sulfurisphaera tokodaii (Q96XE0), Sulfurisphaera tokodaii DSM 16993 (Q96XE0)",736016,-
253,1.1.1.1,Thermotoga maritima,736021,20718298
254,1.1.1.1,"Geobacillus stearothermophilus (P42328), Geobacillus stearothermophilus",736243,8729010
255,1.1.1.1,Geobacillus stearothermophilus (P42328),736309,25314615
256,1.1.1.1,Geobacillus stearothermophilus (P42328),736311,26223665
257,1.1.1.1,"Acetivibrio thermocellus (A3DCI2), Acetivibrio thermocellus, Thermoanaerobacterium saccharolyticum (I3VSF1), Thermoanaerobacterium saccharolyticum, Acetivibrio thermocellus DSM 1237 (A3DCI2), Thermoanaerobacterium saccharolyticum DSM 8691 (I3VSF1)",736365,25666131
258,1.1.1.1,"Geobacillus stearothermophilus (P42328), Moraxella sp. (Q8GIX7), Moraxella sp. TAE123 (Q8GIX7)",736412,23525111
259,1.1.1.1,Saccharomyces cerevisiae,736534,22342368
260,1.1.1.1,"Streptococcus thermophilus (Q5M4K4), Streptococcus thermophilus, Streptococcus thermophilus LMG 18311 (Q5M4K4)",736789,26280324
261,1.1.1.1,Zymomonas mobilis,736790,26961908
262,1.1.1.1,"Acetivibrio thermocellus (A3DCI2), Acetivibrio thermocellus DSM 1237 (A3DCI2)",737140,24516531
263,1.1.1.1,"Acetivibrio thermocellus (A3DCI2), Acetivibrio thermocellus, Acetivibrio thermocellus DSM 1237 (A3DCI2)",737159,21825121
264,1.1.1.1,Thermoanaerobacter sp. (B0K3U7),737164,25368184
265,1.1.1.1,"Acetivibrio thermocellus (A3DCI2), Acetivibrio thermocellus DSM 1237 (A3DCI2)",737166,24889625
266,1.1.1.1,"Pyrococcus furiosus (Q8TZM9), Pyrococcus furiosus",737185,23175796
267,1.1.1.1,"Geobacillus stearothermophilus, Thermus thermophilus, Thermus thermophilus BH27",737200,19807673
268,1.1.1.1,Saccharomyces cerevisiae,737468,23408231
269,1.1.1.1,"Mycobacterium sp. (W8VSK8), Mycobacterium sp.",737865,25082080
270,1.1.1.1,"Kangiella koreensis (C7R702), Kangiella koreensis",737923,25481533
271,1.1.1.1,Homo sapiens,738034,27544634
272,1.1.1.1,Parvibaculum lavamentivorans,738052,25169816
273,1.1.1.1,Equus caballus,738096,25280628
274,1.1.1.1,"Blastobotrys adeninivorans (A0A060TBM3), Blastobotrys adeninivorans",738270,26912215
275,1.1.1.1,Equus caballus,738394,23548863
276,1.1.1.1,Saccharomyces cerevisiae,738720,25670482
277,1.1.1.1,Citrobacter sp.,738721,26216639
278,1.1.1.1,"Rhodococcus ruber (Q8KLT9), Rhodococcus ruber",738908,23796348
279,1.1.1.1,"Thermoanaerobacter sp. X514 (B0K4A2), Thermoanaerobacter ethanolicus (C7IV28), Thermoanaerobacter ethanolicus JW200 (C7IV28)",738990,28194879
280,1.1.1.1,"Saccharomyces cerevisiae, Saccharomyces cerevisiae TMB3000",738991,25287956
281,1.1.1.1,Polytomella sp. Pringsheim 198.80 (Q70YJ9),739328,14756315
282,1.1.1.1,Arabidopsis thaliana,739588,23707506
283,1.1.1.1,"Saccharomyces cerevisiae, Saccharomyces cerevisiae BY47420",739927,28265724
284,1.1.1.1,"Pyrobaculum calidifontis (A3MVR8), Pyrobaculum calidifontis, Pyrobaculum calidifontis JCM 11548 (A3MVR8)",742472,29022135
285,1.1.1.1,"Candida albicans (A0A1D8PP43), Candida albicans",742509,24607541
286,1.1.1.1,Citrobacter sp. S-77,742936,26216639
287,1.1.1.1,Pyrococcus furiosus,743908,-
288,1.1.1.1,Pyrococcus furiosus,744545,20632378
289,1.1.1.1,Pyrococcus furiosus (AE010289.1),745570,-
290,1.1.1.1,Sphingomonas sp. A1 (A0A075B5H4),745695,29697194
291,1.1.1.1,Pyrococcus furiosus,746361,28201792
292,1.1.1.1,Pyrococcus furiosus (E7FHL9),746525,-
293,1.1.1.1,Saccharomyces cerevisiae,747332,21177091
294,1.1.1.1,Anaerobium acetethylicum (A0A1D3TV27),748573,28004884
295,1.1.1.1,"Rhodococcus ruber, Rhodococcus ruber DSM 44541",760247,-
296,1.1.1.1,Equus caballus (P00327),760252,-
297,1.1.1.1,"Synechocystis sp. PCC 6803 (P74721), Synechocystis sp. PCC 6803 Kazusa (P74721)",760374,32767175
298,1.1.1.1,"Saccharomyces cerevisiae (P00330), Saccharomyces cerevisiae ATCC 204508 (P00330)",760376,-
299,1.1.1.1,Equus caballus (P00327),760441,33675814
300,1.1.1.1,Saccharomyces pastorianus (B6UQD0),760611,33620215
301,1.1.1.1,"Arabidopsis thaliana (P06525), Arabidopsis thaliana",762242,30252897
302,1.1.1.1,"Acetobacter aceti, Gluconacetobacter diazotrophicus, Acetobacter senegalensis (A0A0U5FNC1), Aminobacter aminovorans (A0A380WRS7), Komagataeibacter xylinus (A0A3T0KHC6), Komagataeibacter medellinensis (G2I689), Komagataeibacter medellinensis NBRC 3288 (G2I689)",762305,-
303,1.1.1.1,"Bacillus subtilis, Bacillus subtilis R5",762739,28320283
304,1.1.1.1,"Geobacillus stearothermophilus (P42328), Geobacillus stearothermophilus DSM 2334 (P42328), Geobacillus stearothermophilus DSM 2334",762802,31006524
305,1.1.1.1,"Chlamydomonas reinhardtii (Q1RS84), Chlamydomonas reinhardtii, Chlamydomonas reinhardtii CC-124 (Q1RS84)",763253,28007962
306,1.1.1.1,"Saccharomyces cerevisiae (P28625), Saccharomyces cerevisiae ATCC 204508 (P28625)",763285,32967812
307,1.1.1.1,"Geobacillus thermodenitrificans (A4IP64), Geobacillus thermodenitrificans NG80-2 (A4IP64), Geobacillus thermodenitrificans NG80-2",763448,19383697
308,1.1.1.1,"Escherichia coli (P0A9Q7), Escherichia coli",763497,32188856
0,1.1.1.10,Cavia porcellus,246414,13654257
1,1.1.1.10,Cavia porcellus,246419,8339
2,1.1.1.10,"Erwinia sp., Erwinia sp. 4D2P",246420,3886639
3,1.1.1.10,Pantoea ananatis,285658,2981816
4,1.1.1.10,Saccharomyces cerevisiae,285660,4404621
5,1.1.1.10,Cavia porcellus,285663,13416220
6,1.1.1.10,Cavia porcellus,285664,13357463
7,1.1.1.10,Aspergillus niger,285665,-
8,1.1.1.10,Scheffersomyces stipitis,285666,7883010
9,1.1.1.10,Cricetinae,287033,11306103
10,1.1.1.10,"Homo sapiens, Mus musculus",654438,12890481
11,1.1.1.10,Homo sapiens,654968,12668014
12,1.1.1.10,Rattus norvegicus,655222,12604240
13,1.1.1.10,"Cavia porcellus (Q920N9), Cavia porcellus, Homo sapiens (Q7Z4W1), Homo sapiens, Mesocricetus auratus (Q91XV4), Mus musculus (Q91X52), Mus musculus, Rattus norvegicus (Q920P0)",656049,11882650
14,1.1.1.10,"Ambrosiozyma monospora (Q70FD1), Ambrosiozyma monospora",656206,14736891
15,1.1.1.10,Mesocricetus auratus,656841,15293214
16,1.1.1.10,"Homo sapiens (Q7Z4W1), Homo sapiens",657322,15103634
17,1.1.1.10,"Homo sapiens, Mus musculus, Rattus norvegicus, Sus scrofa",668392,16547389
18,1.1.1.10,Mus musculus,668491,16365515
19,1.1.1.10,"Homo sapiens, Rattus norvegicus",670839,15906319
20,1.1.1.10,Neurospora crassa,684552,17261518
21,1.1.1.10,Homo sapiens,686877,18206670
22,1.1.1.10,Scheffersomyces stipitis,687858,18397783
23,1.1.1.10,Scheffersomyces stipitis,688749,17651216
24,1.1.1.10,Scheffersomyces stipitis,695778,19329659
25,1.1.1.10,Scheffersomyces stipitis,695810,18751695
26,1.1.1.10,Scheffersomyces stipitis,695829,19221731
27,1.1.1.10,Yamadazyma tenuis,696889,19452479
28,1.1.1.10,Homo sapiens (Q7Z4W1),697218,19337691
29,1.1.1.10,"Meyerozyma guilliermondii, Meyerozyma guilliermondii FTI",699148,-
30,1.1.1.10,Meyerozyma guilliermondii,699368,18830730
31,1.1.1.10,Aspergillus niger,712023,20654618
32,1.1.1.10,"Trichoderma reesei (Q8NK50), Trichoderma reesei, Trichoderma reesei QM9414 (Q8NK50)",721689,23506391
33,1.1.1.10,"Caenorhabditis elegans (Q21929), Caenorhabditis elegans",722271,21477590
34,1.1.1.10,"Chlorella sorokiniana, Chlorella sorokiniana UTEX 1602",740206,25342968
35,1.1.1.10,"Kluyveromyces marxianus, Kluyveromyces marxianus YZJ088",740346,26543879
36,1.1.1.10,Scheffersomyces stipitis,740782,23578809
37,1.1.1.10,"Rhizomucor pusillus (A0A0M4UR95), Rhizomucor pusillus, Rhizomucor pusillus NBRC 4578 (A0A0M4UR95), Rhizomucor pusillus NBRC 4578",760730,28471330
38,1.1.1.10,"Neurospora crassa (Q7SD67), Neurospora crassa, Neurospora crassa 74-OR23-1A (Q7SD67), Neurospora crassa ATCC 24698 (Q7SD67), Neurospora crassa CBS 708.71 (Q7SD67), Neurospora crassa DSM 1257 (Q7SD67), Neurospora crassa FGSC 987 (Q7SD67)",761647,31025135
39,1.1.1.10,Escherichia coli (A0A0E3ZP28),761812,33460820
0,1.1.1.100,"Escherichia coli, Spinacia oleracea",285668,6756317
1,1.1.1.100,Carthamus tinctorius,285669,7125663
2,1.1.1.100,"Persea americana, Brassica napus",285670,-
3,1.1.1.100,Escherichia coli,285671,4147183
4,1.1.1.100,Escherichia coli,285672,4381013
5,1.1.1.100,Brassica napus,285673,1562581
6,1.1.1.100,Persea americana,285674,2244875
7,1.1.1.100,"Brassica juncea, Carthamus tinctorius, Cuphea lutea, Persea americana, Pisum sativum, Spinacia oleracea",285675,6833216
8,1.1.1.100,Euglena gracilis,285676,6766450
9,1.1.1.100,Spinacia oleracea,285677,16662382
10,1.1.1.100,Persea americana,285678,7075600
11,1.1.1.100,Cuphea lanceolata,285679,1376402
12,1.1.1.100,Bacillus subtilis,285680,8759840
13,1.1.1.100,Escherichia coli,285681,9761917
14,1.1.1.100,Brassica napus,285682,10666637
15,1.1.1.100,"Brassica napus, Escherichia coli",285683,10801480
16,1.1.1.100,"Plasmodium falciparum (Q965D6), Plasmodium falciparum",654432,12646215
17,1.1.1.100,Lactococcus lactis,654725,15362862
18,1.1.1.100,"Escherichia coli, Salmonella enterica subsp. enterica serovar Typhimurium",655871,14996818
19,1.1.1.100,Pseudomonas aeruginosa,656723,12480888
20,1.1.1.100,Mycobacterium tuberculosis,657270,14766307
21,1.1.1.100,"Escherichia coli, Pseudomonas sp. (Q4AE87), Pseudomonas sp.",667257,16085817
22,1.1.1.100,"Plasmodium falciparum (Q86RB1), Plasmodium falciparum",667520,16225460
23,1.1.1.100,Streptococcus pneumoniae,667646,16342966
24,1.1.1.100,Mycobacterium tuberculosis,667708,17059223
25,1.1.1.100,Plasmodium falciparum,668574,16934037
26,1.1.1.100,Escherichia coli,669013,16540431
27,1.1.1.100,Pseudomonas aeruginosa,669470,16624803
28,1.1.1.100,Plasmodium falciparum,670774,15939298
29,1.1.1.100,Aquifex aeolicus VF5,684165,17277451
30,1.1.1.100,Mycobacterium tuberculosis,684702,18155153
31,1.1.1.100,"Escherichia coli, Pseudomonas aeruginosa, Staphylococcus epidermidis",685704,18208374
32,1.1.1.100,Escherichia coli,685775,18215055
33,1.1.1.100,Plasmodium falciparum,687216,17654120
34,1.1.1.100,Plasmodium falciparum K1,689435,18424102
35,1.1.1.100,"Brassica napus (Q949M3), Brassica napus",689500,17401135
36,1.1.1.100,Bacillus anthracis (Q81JG6),689973,-
37,1.1.1.100,"Pseudomonas putida (A5HIF6), Pseudomonas putida",693287,18691538
38,1.1.1.100,Arabidopsis thaliana,700827,19439572
39,1.1.1.100,Synechococcus elongatus PCC 7942 = FACHB-805 (Q31QF3),701783,18791006
40,1.1.1.100,"Haloarcula hispanica, Haloarcula hispanica AS2049, Haloferax volcanii",701808,19648370
41,1.1.1.100,"Escherichia coli (P0AEK2), Escherichia coli",703163,18977209
42,1.1.1.100,Plasmodium falciparum,703630,18721141
43,1.1.1.100,Escherichia coli,704337,18201766
44,1.1.1.100,"Caenorhabditis elegans, Saccharomyces cerevisiae",704721,19746209
45,1.1.1.100,"Pseudomonas aeruginosa, Pseudomonas aeruginosa ATCC 27853, Staphylococcus aureus, Staphylococcus aureus ATCC 25923, Streptococcus pneumoniae, Streptococcus sp., synthetic construct",704843,18569341
46,1.1.1.100,"Mycobacterium tuberculosis, Mycobacterium tuberculosis (O53665), Mycobacterium tuberculosis (P9WGT3), Mycobacterium tuberculosis H37Rv (P9WGT3), Saccharomyces cerevisiae",705747,19685079
47,1.1.1.100,"Acinetobacter calcoaceticus, Acinetobacter calcoaceticus 25001, Enterobacter cloacae, Enterobacter cloacae 45301, Enterococcus sp., Escherichia coli, Klebsiella aerogenes, Klebsiella aerogenes 45102, Klebsiella pneumoniae, Proteus vulgaris, Pseudomonas aeruginosa, Salmonella enterica subsp. enterica serovar Typhi, Salmonella enterica subsp. enterica serovar Typhi H901, Salmonella enterica subsp. enterica serovar Typhimurium, Serratia marcescens, Serratia marcescens 41002, Shigella dysenteriae, Shigella flexneri, Shigella sonnei, Shigella sonnei 51592, Staphylococcus aureus, Staphylococcus epidermidis",706142,-
48,1.1.1.100,Plasmodium falciparum,706639,17879351
49,1.1.1.100,Bacillus anthracis (Q81JG6),706640,17894349
50,1.1.1.100,"Rickettsia prowazekii (P50941), Rickettsia prowazekii",723843,21904060
51,1.1.1.100,Mycobacterium tuberculosis,724676,23006410
52,1.1.1.100,Homo sapiens,735600,24508804
53,1.1.1.100,Gallus gallus,735850,24341420
54,1.1.1.100,"Pseudomonas aeruginosa (O54438), Pseudomonas aeruginosa",739774,24015914
55,1.1.1.100,"Cupriavidus necator (P14697), Cupriavidus necator H16 / ATCC 23440 / NCIB 10442 / S-10-1 (P14697)",739901,23913421
56,1.1.1.100,"Mycobacterium tuberculosis (O53665), Mycobacterium tuberculosis, Mycobacterium tuberculosis CDC 1551 (O53665)",740013,23163771
57,1.1.1.100,"Mycolicibacterium smegmatis (A0R723), Mycolicibacterium smegmatis, Mycolicibacterium smegmatis mc(2)155 / ATCC 700084 (A0R723)",740023,28126742
58,1.1.1.100,"Saccharomyces cerevisiae (P35731), Saccharomyces cerevisiae",740558,23300157
59,1.1.1.100,Vibrio cholerae serotype O1,740630,26553852
60,1.1.1.100,"Homo sapiens (Q92506), Homo sapiens",741044,25203508
61,1.1.1.100,Homo sapiens,741114,27905606
62,1.1.1.100,"Mycolicibacterium smegmatis (P71534), Mycolicibacterium smegmatis ATCC 700084 (P71534)",762566,29717709
63,1.1.1.100,"Pseudomonas aeruginosa (Q9HV22), Pseudomonas aeruginosa",763071,31231314
64,1.1.1.100,"Acinetobacter baumannii, Klebsiella pneumoniae, Escherichia coli (P0AEK2), Staphylococcus aureus (Q2FZ53), Staphylococcus aureus NCTC 8325 (Q2FZ53), Klebsiella pneumoniae 5, Escherichia coli K12 (P0AEK2), Acinetobacter baumannii 1408",763086,29765362
65,1.1.1.100,"Xanthomonas campestris pv. campestris, Xanthomonas campestris pv. campestris XC1",763418,29739899
66,1.1.1.100,Xanthomonas campestris pv. campestris,763477,31560825
67,1.1.1.100,"Aurantiochytrium limacinum (A0A3S9VMC7), Aurantiochytrium limacinum, Aurantiochytrium limacinum OUC168 (A0A3S9VMC7)",763622,30533058
0,1.1.1.101,"Cavia porcellus, Rattus norvegicus",285684,4403490
1,1.1.1.101,"Rattus norvegicus, Rattus norvegicus Sprague-Dawley",285685,500614
2,1.1.1.101,"Rattus norvegicus, Rattus norvegicus Charles River CD",285686,6271231
3,1.1.1.101,Trypanosoma brucei,285687,6562019
4,1.1.1.101,"Cavia porcellus, Mus musculus, Rattus norvegicus",285688,3954368
5,1.1.1.101,Homo sapiens,285689,3646870
6,1.1.1.101,Cavia porcellus,285690,2335525
7,1.1.1.101,Saccharomyces cerevisiae,285691,-
8,1.1.1.101,Cavia porcellus,285692,1495422
9,1.1.1.101,"Saccharomyces cerevisiae, Saccharomyces cerevisiae tpa1",285693,7897322
10,1.1.1.101,Saccharomyces cerevisiae,285694,10049376
11,1.1.1.101,Saccharomyces cerevisiae,285695,10617610
12,1.1.1.101,Mus musculus,285696,10734090
0,1.1.1.102,Saccharomyces cerevisiae,285697,9804843
1,1.1.1.102,Mus musculus,285698,1317856
2,1.1.1.102,"Bos taurus, Rattus norvegicus",285699,4387676
3,1.1.1.102,"Rattus norvegicus, Wickerhamomyces ciferrii",285700,4386961
4,1.1.1.102,"Homo sapiens (Q06136), Homo sapiens, Mus musculus (Q6GV12), Mus musculus",656256,15328338
5,1.1.1.102,"Aspergillus fumigatus, Candida albicans, Saccharomyces cerevisiae",667831,16431155
6,1.1.1.102,"Bos taurus (Q2KIJ5), Bos taurus",689780,17420465
7,1.1.1.102,"Homo sapiens, Saccharomyces cerevisiae",699413,19141869
8,1.1.1.102,"Saccharomyces cerevisiae, Saccharomyces cerevisiae KCCM 50515",721891,-
9,1.1.1.102,"Crassostrea gigas ( S4SCP5), Crassostrea gigas",721947,22974230
10,1.1.1.102,Arabidopsis thaliana,723408,21421810
0,1.1.1.103,Gallus gallus,285701,11470445
1,1.1.1.103,Escherichia coli K-12,285702,9784233
2,1.1.1.103,Escherichia coli K-12,285703,7840645
3,1.1.1.103,Escherichia coli K-12,285704,8519804
4,1.1.1.103,Sus scrofa,285705,7827500
5,1.1.1.103,Escherichia coli K-12,285706,8407827
6,1.1.1.103,Rattus norvegicus,285707,-
7,1.1.1.103,"Bos taurus, Rattus norvegicus",285708,-
8,1.1.1.103,Escherichia coli K-12,285709,2007567
9,1.1.1.103,Escherichia coli K-12,285710,2104757
10,1.1.1.103,Escherichia coli K-12,285711,2647748
11,1.1.1.103,Escherichia coli K-12,285712,3056527
12,1.1.1.103,Sus scrofa,285713,3536927
13,1.1.1.103,Escherichia coli K-12,285714,3518793
14,1.1.1.103,Capra hircus,285715,3888978
15,1.1.1.103,Escherichia coli K-12,285716,6780553
16,1.1.1.103,Gallus gallus,285717,7028754
17,1.1.1.103,Escherichia coli K-12,285718,33672
18,1.1.1.103,Arthrobacter sp.,285719,-
19,1.1.1.103,"Gallus gallus, Oryctolagus cuniculus, Staphylococcus aureus, Rattus norvegicus, Sus scrofa",285720,4284408
20,1.1.1.103,Lithobates catesbeianus,285721,14165492
21,1.1.1.103,"Coturnix japonica, Rattus norvegicus",654175,15221503
22,1.1.1.103,"Mus musculus (Q8K3F7), Mus musculus, Sus scrofa (Q8MIR0), Sus scrofa",655125,12097150
23,1.1.1.103,Homo sapiens,655131,12361482
24,1.1.1.103,"Cytophaga sp. (Q8KZM4), Cytophaga sp., Cytophaga sp. KUC-1 (Q8KZM4)",655857,12867457
25,1.1.1.103,Pyrococcus horikoshii,667071,16511061
26,1.1.1.103,Sus scrofa,668111,15946406
27,1.1.1.103,"Pyrococcus horikoshii, Pyrococcus horikoshii OT-3",668536,15902509
28,1.1.1.103,Pyrococcus furiosus,668567,16817900
29,1.1.1.103,Pyrococcus horikoshii,669546,16233775
30,1.1.1.103,"Pyrococcus horikoshii (O58389), Pyrococcus horikoshii",687461,18390572
31,1.1.1.103,"Pyrococcus horikoshii (O58389), Pyrococcus horikoshii",688343,17188300
32,1.1.1.103,"Thermococcus kodakarensis (Q5JI69), Thermococcus kodakarensis",695358,18765916
33,1.1.1.103,Streptomyces sp. 139,698526,19191964
34,1.1.1.103,Thermococcus kodakarensis KOD1,698673,19307254
35,1.1.1.103,"Thermococcus kodakarensis (Q5JI69), Thermococcus kodakarensis",699854,19616102
36,1.1.1.103,"Escherichia coli, Escherichia coli MDS42",709827,19128451
37,1.1.1.103,Mus musculus,710562,19589965
38,1.1.1.103,"Cupriavidus necator (E5RQ20), Cupriavidus necator, Cupriavidus necator NBRC 102504 (E5RQ20), Cupriavidus necator NBRC 102504",721272,21073854
39,1.1.1.103,Thermoplasma volcanium,722747,22374996
40,1.1.1.103,Mus musculus,723777,23355387
41,1.1.1.103,"Acetoanaerobium sticklandii (E3PS87), Acetoanaerobium sticklandii, Acetoanaerobium sticklandii DSM 519 (E3PS87)",729112,7763136
42,1.1.1.103,Gallus gallus,737579,25049928
43,1.1.1.103,Cupriavidus necator,738606,24558034
44,1.1.1.103,"Escherichia coli (P07913), Escherichia coli",738860,24651643
45,1.1.1.103,"Mus musculus (Q8K3F7), Mus musculus",738933,26492815
46,1.1.1.103,"Thermoplasma volcanium (Q97BK3), Thermoplasma volcanium, Thermoplasma volcanium ATCC 51530 (Q97BK3)",762551,31457655
47,1.1.1.103,Trypanosoma brucei (Q7YW97),762567,30198897
48,1.1.1.103,"Gallus gallus, Gallus gallus ROSS 308",762608,29460372
49,1.1.1.103,"Bacillus subtilis (O31776), Bacillus subtilis 168 (O31776)",762647,31585995
50,1.1.1.103,uncultured archaeon (D6PBM7),762728,28992410
51,1.1.1.103,Rattus norvegicus (D3ZN15),762762,33011339
0,1.1.1.104,Oryctolagus cuniculus,285722,13914427
0,1.1.1.105,Rattus norvegicus,285723,5972368
1,1.1.1.105,Rattus norvegicus,285724,2292967
2,1.1.1.105,"Peromyscus maniculatus, Rattus norvegicus",285725,3322195
3,1.1.1.105,Mus musculus,285726,6994741
4,1.1.1.105,"Homo sapiens (O75452), Homo sapiens",285727,9677409
5,1.1.1.105,Homo sapiens,285728,10329026
6,1.1.1.105,Gallus gallus,287272,11250537
7,1.1.1.105,Homo sapiens,654431,12646198
8,1.1.1.105,Homo sapiens,654713,12534290
9,1.1.1.105,Mus musculus,656260,15355969
10,1.1.1.105,"Homo sapiens (O75452), Homo sapiens",667537,16787387
11,1.1.1.105,"Bos taurus, Homo sapiens, Mus musculus",669445,16428379
12,1.1.1.105,Branchiostoma floridae,686662,17608724
13,1.1.1.105,"Mus musculus (O55240), Mus musculus",689771,18048336
14,1.1.1.105,Homo sapiens (Q8IZV5),690842,19102727
15,1.1.1.105,"Homo sapiens, Mus musculus, Rattus norvegicus",691705,19011747
16,1.1.1.105,"Homo sapiens (O75462), Homo sapiens",691736,12604214
17,1.1.1.105,"Homo sapiens (Q8N3Y7), Homo sapiens",691750,18926804
18,1.1.1.105,"Mus musculus (Q8VIJ7), Mus musculus",692959,11562362
19,1.1.1.105,Xenopus laevis (C3TWL9),697544,19141675
20,1.1.1.105,Homo sapiens (Q96NR8),697796,18599039
21,1.1.1.105,"Homo sapiens, Mus musculus, Rattus norvegicus",721724,21621639
22,1.1.1.105,"Mus musculus, Mus musculus C57BL/6 x 129/Sv",722769,22621924
23,1.1.1.105,Homo sapiens,723076,21043051
24,1.1.1.105,"Kangiella koreensis, Kangiella koreensis (C7R702), Kangiella koreensis SW-125",737923,25481533
25,1.1.1.105,"Ciona intestinalis, Ciona intestinalis (F6WB20), Lytechinus variegatus (A0A0A7HFB2), Lytechinus variegatus (A0A0A7HFH3), Lytechinus variegatus (A0A0A7HGC7), Lytechinus variegatus",738033,25451586
26,1.1.1.105,"Homo sapiens, Homo sapiens (Q8N3Y7)",738036,27793605
27,1.1.1.105,"Homo sapiens, Homo sapiens (Q8IZV5)",738610,24733397
28,1.1.1.105,"Homo sapiens (O75452), Homo sapiens (Q8IZV5), Homo sapiens, Mus musculus (Q8VIJ7), Mus musculus",738670,25627686
29,1.1.1.105,"Drosophila melanogaster (Q7KNR7), Drosophila melanogaster",740085,27809489
30,1.1.1.105,"Mus musculus (Q05A13), Mus musculus (Q7TQA3), Mus musculus, Mus musculus C57BL/6J (Q05A13), Mus musculus C57BL/6J (Q7TQA3)",761505,31562240
0,1.1.1.106,"Pseudomonas fluorescens, Pseudomonas fluorescens UK1",207979,99175
1,1.1.1.106,"Pseudomonas fluorescens, Pseudomonas fluorescens UK1",285729,6773579
2,1.1.1.106,Pseudomonas sp. P2,285731,4287370
0,1.1.1.107,Pseudomonas sp.,80781,4306030
1,1.1.1.107,Microbacterium luteolum,654111,15502327
2,1.1.1.107,Microbacterium luteolum,655029,12005047
3,1.1.1.107,"Microbacterium luteolum (Q76KC2), Microbacterium luteolum YK-1 (Q76KC2), Microbacterium luteolum YK-1",656239,15226311
4,1.1.1.107,"Mesorhizobium loti, Mesorhizobium loti MAFF303099",667329,16824480
5,1.1.1.107,Saccharomyces cerevisiae,688568,18388403
6,1.1.1.107,"Escherichia coli, Escherichia coli JM109",699047,19111641
7,1.1.1.107,"Mesorhizobium loti (Q988B7), Mesorhizobium loti, Mesorhizobium loti MAFF303099 (Q988B7)",710764,20516609
8,1.1.1.107,Mesorhizobium loti,721873,21307574
0,1.1.1.108,"Agrobacterium sp., Alcaligenes sp., Pseudomonas putida",285737,8645721
1,1.1.1.108,Agrobacterium sp.,285738,-
2,1.1.1.108,Rhizobium sp. YS-240,285739,-
3,1.1.1.108,Pseudomonas aeruginosa,285740,2253348
4,1.1.1.108,Pseudomonas putida,285741,3058208
5,1.1.1.108,Xanthomonas translucens,285742,-
6,1.1.1.108,"Pseudomonas aeruginosa, Pseudomonas putida",285743,16345505
7,1.1.1.108,Pseudomonas aeruginosa,285744,4310279
8,1.1.1.108,Pseudomonas aeruginosa,285745,4302217
9,1.1.1.108,Pseudomonas aeruginosa,285746,6034689
10,1.1.1.108,Pseudomonas putida,285779,16232482
11,1.1.1.108,Bacteria,670345,-
12,1.1.1.108,"Pseudomonas aeruginosa, Pseudomonas aeruginosa (Q9HTH8)",700060,19406895
13,1.1.1.108,"Rhizobium sp. (D7UNT2), Xanthomonas campestris, Xanthomonas campestris pv. translucens",711514,20530902
14,1.1.1.108,Xanthomonas translucens,740222,24101242
15,1.1.1.108,"Rhizobium sp., Xanthomonas translucens",740987,23794271
0,1.1.1.11,"Candida albicans, Candida albicans B331",9565,8407803
1,1.1.1.11,Candida tropicalis,9566,8250887
2,1.1.1.11,Klebsiella aerogenes,285747,393250
3,1.1.1.11,"Klebsiella aerogenes, Klebsiella aerogenes PRL-R3",285748,4734863
4,1.1.1.11,"Klebsiella aerogenes, Klebsiella aerogenes PRL-R3",285749,-
5,1.1.1.11,"Klebsiella aerogenes, Klebsiella aerogenes PRL-R3",285750,13786517
6,1.1.1.11,Klebsiella aerogenes,285751,13762204
7,1.1.1.11,Candida tropicalis,285753,7698655
8,1.1.1.11,Scheffersomyces stipitis,285754,7483848
9,1.1.1.11,"Escherichia coli, Escherichia coli C",670549,16151815
10,1.1.1.11,"Gluconobacter oxydans, Gluconobacter oxydans (Q308C1)",701082,19629658
11,1.1.1.11,Saccharomyces cerevisiae,740490,26442039
12,1.1.1.11,Gluconobacter sp. JX-05 (A0A2K9VPX3),760713,28364633
0,1.1.1.110,Clostridium sporogenes,285756,4384683
1,1.1.1.110,Candida maltosa,286312,-
2,1.1.1.110,Leishmania donovani donovani,286313,1578411
0,1.1.1.111,Delftia acidovorans,587012,4303364
0,1.1.1.112,Macaca fuscata,285758,2674111
1,1.1.1.112,Macaca fuscata,285759,2559080
2,1.1.1.112,Oryctolagus cuniculus,285760,3527067
3,1.1.1.112,Homo sapiens,285761,3898609
4,1.1.1.112,Bos taurus,285762,4397102
0,1.1.1.113,Saccharomyces cerevisiae,285763,13995171
1,1.1.1.113,"Haloferax mediterranei (Q977U7), Haloferax mediterranei DSM 1411 (Q977U7)",639098,8925901
2,1.1.1.113,Saccharomyces cerevisiae,725843,-
3,1.1.1.113,Neurospora crassa,738984,26253204
0,1.1.1.114,Micrococcus sp.,285764,-
1,1.1.1.114,Micrococcus sp.,285765,-
2,1.1.1.114,Klebsiella aerogenes,285766,4314545
0,1.1.1.115,Sus scrofa,285767,4393642
1,1.1.1.115,Yarrowia lipolytica,737816,23608762
2,1.1.1.115,Cucumis sativus,761196,28471348
0,1.1.1.116,Candida albicans,10663,8841374
1,1.1.1.116,Sus scrofa,285767,4393642
2,1.1.1.116,Neurospora crassa,285768,11947073
3,1.1.1.116,Sus scrofa,285769,4355268
4,1.1.1.116,Sus scrofa,285770,4368428
5,1.1.1.116,Neurospora crassa,285771,6450742
6,1.1.1.116,Pseudomonas sp.,285772,-
7,1.1.1.116,"Saccharomyces cerevisiae, Saccharomyces cerevisiae GRF18U",654283,15466554
8,1.1.1.116,"Saccharomyces cerevisiae (Q04212), Saccharomyces cerevisiae, Saccharomyces cerevisiae YPH250 (Q04212)",668641,17097644
9,1.1.1.116,Phycomyces blakesleeanus,668709,15809004
10,1.1.1.116,"Saccharomyces cerevisiae, Saccharomyces cerevisiae LH1",695806,18679677
0,1.1.1.117,Candida albicans,10663,8841374
1,1.1.1.117,"Pseudomonas sp., Pseudomonas sp. G6",285790,5845847
2,1.1.1.117,"Pseudomonas sp., Pseudomonas sp. G6",285791,5845848
3,1.1.1.117,"Pseudomonas sp., Pseudomonas sp. G6",285797,5845849
4,1.1.1.117,Rattus norvegicus,389443,4382190
5,1.1.1.117,Saccharomyces cerevisiae (P38115),739803,24192347
0,1.1.1.118,Pseudomonas sp.,285776,14251301
1,1.1.1.118,"Corynebacterium sp., Corynebacterium sp. No. 93-1",285777,-
2,1.1.1.118,"Pseudomonas sp., Pseudomonas sp. MSU-1",285778,236432
3,1.1.1.118,"Pseudomonas putida, Pseudomonas putida IAM 12014",285779,16232482
4,1.1.1.118,"Saccharolobus solfataricus, Saccharolobus solfataricus MT-4 / DSM 5833",639110,3827812
5,1.1.1.118,Komagataeibacter xylinus,668049,-
6,1.1.1.118,"Bacillus subtilis, Bacillus subtilis 168",701045,18799474
7,1.1.1.118,"Bacillus subtilis, Bacillus subtilis 168",739713,27516945
8,1.1.1.118,synthetic construct (AHI17928.1),763638,-
0,1.1.1.119,Gluconobacter cerinus,285780,4384672
1,1.1.1.119,Gluconobacter cerinus,285781,236431
2,1.1.1.119,Gluconobacter oxydans,285782,-
3,1.1.1.119,"Priestia megaterium, Filobasidium uniguttulatum",285783,-
4,1.1.1.119,Priestia megaterium,285784,9501530
5,1.1.1.119,Halococcus saccharolyticus,285785,11271421
6,1.1.1.119,"Haloferax mediterranei (Q977U7), Haloferax mediterranei, Haloferax mediterranei DSM 1411 (Q977U7)",639098,8925901
7,1.1.1.119,Cupriavidus necator,656318,16233416
8,1.1.1.119,"Haloferax mediterranei, Haloferax mediterranei (Q977U7), Haloferax mediterranei DSM 1411 (Q977U7)",667073,16511145
9,1.1.1.119,Priestia megaterium,684637,18057930
10,1.1.1.119,Haloferax mediterranei,686754,17289028
11,1.1.1.119,Pseudomonas fluorescens,696604,18215411
12,1.1.1.119,"Haloferax mediterranei, Haloferax mediterranei (Q977U7)",699602,-
13,1.1.1.119,Haloferax mediterranei (Q977U7),701014,19131516
14,1.1.1.119,"Haloferax mediterranei (Q977U7), Haloferax mediterranei DSM 1411 (Q977U7)",726569,11717506
15,1.1.1.119,"Sulfurisphaera tokodaii (Q96ZY1), Sulfurisphaera tokodaii (Q96ZY7), Sulfurisphaera tokodaii, Sulfurisphaera tokodaii DSM 16993 (Q96ZY7)",728011,24742629
16,1.1.1.119,"Haloferax mediterranei (Q977U7), Haloferax mediterranei DSM 1411 (Q977U7)",728653,16551747
17,1.1.1.119,Bacillus subtilis,760883,28722796
18,1.1.1.119,Cucumis sativus,761196,28471348
0,1.1.1.12,Penicillium chrysogenum,246416,13692998
1,1.1.1.12,Aspergillus niger,285787,-
2,1.1.1.12,Aspergillus nidulans,285788,7988903
3,1.1.1.12,Penicillium chrysogenum,285789,13692999
4,1.1.1.12,Trichoderma reesei,655390,14555469
5,1.1.1.12,Trichoderma reesei,655480,15128296
6,1.1.1.12,Aspergillus niger,668063,16321042
7,1.1.1.12,"Aspergillus oryzae (Q763T4), Aspergillus oryzae",669541,16310740
8,1.1.1.12,Neurospora crassa,684627,17938906
9,1.1.1.12,"Meyerozyma guilliermondii, Meyerozyma guilliermondii PYCC 3012, [Candida] arabinofermentans, [Candida] arabinofermentans PYCC 5603",686661,17627668
10,1.1.1.12,"Meyerozyma guilliermondii, Meyerozyma guilliermondii PYCC 3012, [Candida] arabinofermentans, [Candida] arabinofermentans PYCC 5603T",695737,18245253
11,1.1.1.12,"Aspergillus niger (A2QAC0), Aspergillus niger",696988,19674460
12,1.1.1.12,"Aspergillus niger (A2QAC0), Penicillium chrysogenum (B6HI95), Penicillium chrysogenum Wisconsin 54-1255 (B6HI95), Trichoderma reesei (Q96V44)",710970,20414651
13,1.1.1.12,Rasamsonia emersonii (C5J3R8),711121,20111899
14,1.1.1.12,"Trichoderma reesei (Q96V44), Trichoderma reesei",711877,19801419
15,1.1.1.12,"Neurospora crassa (Q7SI09), Neurospora crassa",712767,20655316
16,1.1.1.12,"Trichoderma reesei (Q96V44), Trichoderma reesei",712797,20171913
17,1.1.1.12,"Aspergillus oryzae (Q763T4), Aspergillus oryzae, Aspergillus oryzae KBN616 (Q763T4)",721913,23436125
18,1.1.1.12,"Meyerozyma caribbica (A0A1B4XTS0), Meyerozyma caribbica, Meyerozyma caribbica 5XY2 (A0A1B4XTS0), Meyerozyma caribbica 5XY2",738728,27506274
19,1.1.1.12,"Trichoderma reesei (Q96V44), Trichoderma reesei, Trichoderma reesei YSM 768 (Q96V44)",739939,24193245
20,1.1.1.12,"Trichoderma reesei (Q96V44), Trichoderma reesei, Trichoderma reesei YSM 768 (Q96V44)",740145,24342239
21,1.1.1.12,"Aspergillus tubingensis (H6WCP4), Aspergillus tubingensis (JQ079782), Aspergillus tubingensis, Aspergillus tubingensis 1M-7 (H6WCP4)",740218,23713061
22,1.1.1.12,"Aspergillus oryzae (Q763T4), Aspergillus oryzae P5 (Q763T4)",740772,23287496
23,1.1.1.12,"Yarrowia lipolytica, Yarrowia lipolytica ATCC MYA-2613",760394,29150499
24,1.1.1.12,"Meyerozyma caribbica (A0A1B4XTS0), Meyerozyma caribbica, Meyerozyma caribbica 5XY2 (A0A1B4XTS0), Meyerozyma caribbica 5XY2",761551,27506274
25,1.1.1.12,Trichoderma reesei (Q96V44),762388,-
0,1.1.1.120,Pseudomonas sp.,285790,5845847
1,1.1.1.120,Pseudomonas sp.,285791,5845848
2,1.1.1.120,Pseudomonas putida,285792,4387016
3,1.1.1.120,Rhizobium leguminosarum bv. trifolii,739943,25236800
4,1.1.1.120,Cucumis sativus,761196,28471348
0,1.1.1.121,"Methylobacterium mesophilicum, Methylobacterium organophilum, Methylobacterium organophilum XX, Pseudomonas sp., Pseudomonas sp. NCIB10602 NCIB10603",5692,-
1,1.1.1.121,"Pseudomonas sp., Pseudomonas sp. G6",285790,5845847
2,1.1.1.121,"Pseudomonas sp., Pseudomonas sp. G6",285791,5845848
3,1.1.1.121,"Pseudomonas sp., Pseudomonas sp. MSU-1",285794,4335867
4,1.1.1.121,"Pseudomonas sp., Pseudomonas sp. G6",285797,5845849
5,1.1.1.121,Thermoplasma acidophilum,688344,17300803
6,1.1.1.121,"Thermus thermophilus HB8 (Q5SLC4), Thermus thermophilus HB8",697263,18926808
7,1.1.1.121,"Thermoplasma acidophilum (Q9HK51), Thermoplasma acidophilum",718488,16754989
8,1.1.1.121,"Thermoplasma acidophilum (Q9HK51), Thermoplasma acidophilum",719111,15618614
9,1.1.1.121,Thermus thermophilus (Q5SLC4),747502,18926808
0,1.1.1.122,"Agrobacterium tumefaciens, Agrobacterium tumefaciens K-28",285798,-
1,1.1.1.122,Pseudomonas sp.,285799,7765723
2,1.1.1.122,Agrobacterium tumefaciens,285800,1525177
3,1.1.1.122,Aureobasidium pullulans,285801,-
4,1.1.1.122,Trinickia caryophylli,285802,40609
5,1.1.1.122,Ovis aries aries,285803,629533
6,1.1.1.122,Ovis aries aries,285804,236435
7,1.1.1.122,Oryctolagus cuniculus,285805,521443
8,1.1.1.122,Sus scrofa,285806,4309152
9,1.1.1.122,"Pseudomonas sp., Pseudomonas sp. No. 1143",655086,-
10,1.1.1.122,"Saccharolobus solfataricus (Q97YM2), Saccharolobus solfataricus P2 (Q97YM2)",681445,17610898
11,1.1.1.122,"Saccharolobus solfataricus (Q97YM2), Saccharolobus solfataricus P2 (Q97YM2)",719837,16849334
12,1.1.1.122,"Acinetobacter sp., Acinetobacter sp. SA-134",741316,24320238
13,1.1.1.122,"Pseudomonas sp. (Q52472), Pseudomonas sp., Pseudomonas sp. 1143 (Q52472)",762598,31278898
0,1.1.1.123,Corynebacterium sp.,285807,-
1,1.1.1.123,"Bacillus subtilis, Bacillus subtilis 168-2, Brevibacillus brevis, Cyberlindnera jadinii, Enterobacter cloacae, Gluconobacter oxydans, Klebsiella aerogenes, no activity in Candida tropicalis, Priestia megaterium, Proteus vulgaris, Saccharomyces cerevisiae",285808,236429
2,1.1.1.123,"Bacillus subtilis, Bacillus subtilis 168-2, Brevibacillus brevis, Cyberlindnera jadinii, Enterobacter cloacae, Gluconobacter cerinus, Gluconobacter oxydans, Klebsiella aerogenes, no activity in Bacillus cereus, no activity in Candida tropicalis, no activity in Escherichia coli K12, Priestia megaterium, Proteus vulgaris, Saccharomyces cerevisiae",285809,4392628
3,1.1.1.123,Bemisia argentifolii,285810,12770392
4,1.1.1.123,Bemisia argentifolii,285811,10196734
5,1.1.1.123,Bemisia argentifolii,285812,11237597
6,1.1.1.123,Bemisia argentifolii,285813,-
7,1.1.1.123,"Clostridium pasteurianum (AJA48273.1), Clostridium pasteurianum DSM 525 (AJA48273.1)",762664,33616697
0,1.1.1.124,Erwinia sp.,285814,3178725
1,1.1.1.124,Gluconobacter oxydans,285815,-
2,1.1.1.124,Gluconobacter cerinus,285816,-
3,1.1.1.124,Gluconobacter cerinus,285817,4379259
0,1.1.1.125,Pseudomonas sp.,285818,14285233
1,1.1.1.125,Escherichia coli,726324,23437267
0,1.1.1.126,Pseudomonas sp.,285819,14488585
1,1.1.1.126,"Thermus thermophilus, Thermus thermophilus HB8 / ATCC 27634 / DSM 579",739788,24699644
0,1.1.1.127,Dickeya chrysanthemi,285820,-
1,1.1.1.127,Pseudomonas sp.,285821,13986017
2,1.1.1.127,Pectobacterium carotovorum subsp. carotovorum,741387,27028675
0,1.1.1.129,Pseudomonas sp.,285825,14154441
0,1.1.1.13,Penicillium chrysogenum,285789,13692999
0,1.1.1.130,Klebsiella aerogenes,285827,13926592
0,1.1.1.131,"Aeromonas sp., Aeromonas sp. C11-2B",5902,4388117
0,1.1.1.132,"Arthrobacter sp., Arthrobacter sp. NRRL B1973",285829,-
1,1.1.1.132,Pseudomonas aeruginosa,285830,2470755
2,1.1.1.132,Arthrobacter sp.,285831,14245351
3,1.1.1.132,Pseudomonas aeruginosa,285832,6185463
4,1.1.1.132,Pseudomonas aeruginosa,285833,3025179
5,1.1.1.132,Azotobacter vinelandii,285834,-
6,1.1.1.132,Azotobacter vinelandii,285835,1080387
7,1.1.1.132,Pseudomonas aeruginosa,285836,10209766
8,1.1.1.132,Pseudomonas aeruginosa,285837,1367514
9,1.1.1.132,Pseudomonas aeruginosa,285838,8878949
10,1.1.1.132,Pseudomonas aeruginosa,285839,-
11,1.1.1.132,Pseudomonas aeruginosa,285840,1370473
12,1.1.1.132,Pseudomonas aeruginosa,285841,11810531
13,1.1.1.132,Pseudomonas aeruginosa,285842,7521247
14,1.1.1.132,Pseudomonas aeruginosa,654666,12135385
15,1.1.1.132,Pseudomonas aeruginosa (P11759),654702,12705829
16,1.1.1.132,Pseudomonas aeruginosa,667316,16111644
17,1.1.1.132,"Pseudomonas aeruginosa, Pseudomonas aeruginosa (P11759)",691949,18389310
18,1.1.1.132,Vibrio sp. QY102 (A4ZZ81),701412,100513784
19,1.1.1.132,Ectocarpus siliculosus,725424,21454608
20,1.1.1.132,Azotobacter vinelandii,725757,22286042
21,1.1.1.132,Saccharina japonica,740241,26956020
22,1.1.1.132,"Pseudomonas aeruginosa (P11759), Pseudomonas aeruginosa, Pseudomonas aeruginosa ATCC 15692 (P11759)",762547,33237714
0,1.1.1.133,Pseudomonas aeruginosa,285843,4384782
1,1.1.1.133,"Escherichia coli, Salmonella enterica, Shigella flexneri, Streptomyces mutans, Xanthomonas campestris",285844,-
2,1.1.1.133,"Aggregatibacter actinomycetemcomitans, Escherichia coli, Escherichia coli O45",285845,10702238
3,1.1.1.133,Salmonella enterica,285846,10455186
4,1.1.1.133,Arabidopsis thaliana (Q9LQ04),657064,15020741
5,1.1.1.133,Salmonella enterica,657358,12057193
6,1.1.1.133,Salmonella enterica,661486,15977277
7,1.1.1.133,Mesorhizobium loti,668041,16276532
8,1.1.1.133,Acanthamoeba polyphaga Mimivirus (E3VXL5),716065,20538863
9,1.1.1.133,Mycobacterium tuberculosis,724529,22014548
10,1.1.1.133,Streptococcus sp.,741022,26278404
11,1.1.1.133,"Haloferax volcanii (D4GU71), Haloferax volcanii",741309,24831810
12,1.1.1.133,"Bacillus anthracis (A0A6L7H7R4), Bacillus anthracis",762573,29199984
0,1.1.1.134,"Escherichia coli, Escherichia coli 45",2254,4199258
0,1.1.1.135,Bacteria,285847,14209931
1,1.1.1.135,"Bos taurus (O02691), Bos taurus, Homo sapiens (Q99714), Homo sapiens",654167,12696021
2,1.1.1.135,Aggregatibacter actinomycetemcomitans,655688,12626385
0,1.1.1.136,Micrococcus luteus,2273,4044544
1,1.1.1.136,Alcaligenes sp.,285848,4312076
2,1.1.1.136,Citrobacter freundii,285850,956115
3,1.1.1.136,Pseudomonas aeruginosa,656241,15226302
4,1.1.1.136,Salmonella enterica subsp. enterica serovar Typhi,667737,16800641
5,1.1.1.136,"Bacillus cereus (A7GKX6), Bacillus cereus",712456,20529859
6,1.1.1.136,Escherichia coli,725107,22730467
0,1.1.1.137,Lactiplantibacillus plantarum,285851,13948358
1,1.1.1.137,Lacticaseibacillus casei,285852,3104310
2,1.1.1.137,"Lactiplantibacillus plantarum, no activity in Bacillus subtilis",285853,-
3,1.1.1.137,Lacticaseibacillus casei,727770,23564164
0,1.1.1.138,Laminaria digitata,81101,-
1,1.1.1.138,Aspergillus nidulans,94714,3141571
2,1.1.1.138,"Alternaria alternata, Botrytis cinerea, Ceratocystis multiannulata, Cladosporium cladosporioides, Fusarium graminearum, Neurospora crassa, Penicillium glabrum, Talaromyces islandicus, Thermomyces lanuginosus",94717,6782999
3,1.1.1.138,Agaricus bisporus,285854,9835550
4,1.1.1.138,"Gluconobacter oxydans, Gluconobacter oxydans IFO 12528",285855,27393065
5,1.1.1.138,Lentinula edodes,285856,16348099
6,1.1.1.138,Cenococcum graniforme,285858,16664085
7,1.1.1.138,Agaricus bisporus,285859,-
8,1.1.1.138,Penicillium chrysogenum,285860,-
9,1.1.1.138,Aspergillus parasiticus,285861,7085559
10,1.1.1.138,Melampsora lini,285864,-
11,1.1.1.138,Agaricus bisporus,285865,-
12,1.1.1.138,Gluconobacter oxydans,285866,-
13,1.1.1.138,Diplodia viticola Desm.,285867,14320506
14,1.1.1.138,Agaricus campestris,285868,14109183
15,1.1.1.138,Agaricus bisporus,285869,-
16,1.1.1.138,Agaricus bisporus,285870,11335726
17,1.1.1.138,Agaricus bisporus,285871,11320313
18,1.1.1.138,Starmerella magnoliae,654271,12902227
19,1.1.1.138,Starmerella magnoliae,655114,12790637
20,1.1.1.138,Lactobacillus intermedius,655118,15059000
21,1.1.1.138,Pseudomonas fluorescens,655224,12604242
22,1.1.1.138,Fusarium graminearum,656950,12453571
23,1.1.1.138,Limosilactobacillus reuteri,667280,15630578
24,1.1.1.138,"Alternaria alternata (P0C0Y4), Alternaria alternata",668299,17177674
25,1.1.1.138,"Cladosporium herbarum (P0C0Y5), Cladosporium herbarum",669463,16608840
26,1.1.1.138,Uromyces viciae-fabae,670585,15618426
27,1.1.1.138,"Starmerella magnoliae, Starmerella magnoliae HH-01",685740,17120092
28,1.1.1.138,Pseudomonas fluorescens,686764,18082142
29,1.1.1.138,"Alternaria alternata, Alternaria alternata A5",686808,18549402
30,1.1.1.138,"Tuber borchii (Q1ACW3), Tuber borchii",686917,17317242
31,1.1.1.138,"Trichoderma reesei, Trichoderma reesei QM9414",697942,19303876
32,1.1.1.138,"Cladosporium herbarum (P0C0Y5), Cladosporium herbarum",724481,20420880
33,1.1.1.138,Gluconobacter oxydans,739923,27338577
34,1.1.1.138,"Limosilactobacillus reuteri (A5VMM4), Limosilactobacillus reuteri CRL 1101 (A5VMM4)",763612,28060932
0,1.1.1.14,"Ovis aries, Rattus norvegicus",285872,7144570
1,1.1.1.14,Ovis aries,285873,7032910
2,1.1.1.14,Malus domestica,285874,16660917
3,1.1.1.14,"Canis lupus familiaris, Homo sapiens, Mus musculus, Rattus norvegicus",285875,509700
4,1.1.1.14,Rattus norvegicus,285876,667078
5,1.1.1.14,"Homo sapiens, Rattus norvegicus",285877,-
6,1.1.1.14,Ovis aries,285878,4704053
7,1.1.1.14,Rattus norvegicus,285879,16089
8,1.1.1.14,Ovis aries,285880,13914358
9,1.1.1.14,Rattus norvegicus,285881,13479132
10,1.1.1.14,"Cavia porcellus, Ovis aries",285882,-
11,1.1.1.14,"Equus caballus, Ovis aries",285883,-
12,1.1.1.14,Scheffersomyces stipitis,285884,-
13,1.1.1.14,Scheffersomyces stipitis,285885,-
14,1.1.1.14,Pseudomonas sp.,285886,-
15,1.1.1.14,Bacillus subtilis,285887,1460002
16,1.1.1.14,Malus domestica,285888,-
17,1.1.1.14,Ovis aries,285889,8174565
18,1.1.1.14,"Cereibacter sphaeroides, Cereibacter sphaeroides Si4 / DSM 8371",285890,7551049
19,1.1.1.14,Ovis aries,285891,8521856
20,1.1.1.14,Homo sapiens,285892,9059643
21,1.1.1.14,Ovis aries,285893,8920639
22,1.1.1.14,Ovis aries,285894,8898899
23,1.1.1.14,Bos taurus,285895,9143345
24,1.1.1.14,Priestia megaterium,285896,27393263
25,1.1.1.14,"Gluconobacter oxydans, Gluconobacter oxydans IFO3257",285897,27389646
26,1.1.1.14,Bos taurus,285898,10930418
27,1.1.1.14,Pyrus pyrifolia,285899,10963448
28,1.1.1.14,Ovis aries,285900,-
29,1.1.1.14,[Candida] boidinii,285901,-
30,1.1.1.14,Homo sapiens,654090,12595725
31,1.1.1.14,"Gluconobacter oxydans, Gluconobacter oxydans IFO 3255",654867,12686146
32,1.1.1.14,"Gluconobacter oxydans, Gluconobacter oxydans IFO 3255",655022,12506966
33,1.1.1.14,"Gluconobacter oxydans, Gluconobacter oxydans IFO 3255",655030,11866120
34,1.1.1.14,"Ovis aries, Homo sapiens, Mammalia, Rattus norvegicus",655289,14965227
35,1.1.1.14,Gluconobacter sp.,656694,-
36,1.1.1.14,"Malus domestica (Q6EM42), Malus domestica (Q6EM45), Malus domestica (Q6EM46)",656930,-
37,1.1.1.14,"Homo sapiens (Q00796), Homo sapiens",657360,12962626
38,1.1.1.14,Cereibacter sphaeroides,667062,15805591
39,1.1.1.14,Bos taurus,668225,15747064
40,1.1.1.14,Gallus gallus,668325,15649778
41,1.1.1.14,"Solanum lycopersicum (Q3C2L6), Solanum lycopersicum",670513,16289145
42,1.1.1.14,"Gluconobacter oxydans (Q9KWR5), Gluconobacter oxydans, Gluconobacter oxydans G624 (FERM BP-4415) (Q9KWR5), Gluconobacter oxydans G624 (FERM BP-4415)",680957,16232778
43,1.1.1.14,"Ovis aries, Candida sp. HA 167",684974,17343568
44,1.1.1.14,Rattus norvegicus,686021,17952367
45,1.1.1.14,Ovis aries,687821,18074158
46,1.1.1.14,Malus domestica,688074,17404378
47,1.1.1.14,Fragaria x ananassa,688138,-
48,1.1.1.14,Zea mays,689569,18566893
49,1.1.1.14,Mus musculus,711357,18799757
50,1.1.1.14,"Homo sapiens, Mus musculus",712376,19423711
51,1.1.1.14,"Malus domestica (Q5I6M3), Malus domestica (Q5I6M4), Malus domestica",712606,19174457
52,1.1.1.14,Homo sapiens,712908,20220044
53,1.1.1.14,"Deinococcus geothermalis (Q1J2J0), Deinococcus geothermalis, Deinococcus geothermalis DSM 11300 (Q1J2J0)",736022,22883556
54,1.1.1.14,Gluconobacter oxydans (Q9KWR5),740006,-
55,1.1.1.14,"Saccharomyces cerevisiae (P35497), Saccharomyces cerevisiae (Q07786), Saccharomyces cerevisiae",740275,27299603
56,1.1.1.14,"Saccharomyces bayanus, Saccharomyces paradoxus, Saccharomyces kudriavzevii, Saccharomyces cerevisiae (P35497), Saccharomyces cerevisiae (Q07786)",741083,26384347
57,1.1.1.14,"Komagataella pastoris, Komagataella pastoris BICC 9450",741366,24075932
58,1.1.1.14,"Gluconobacter oxydans (Q5FNX9), Gluconobacter oxydans 621H (Q5FNX9)",761565,28011130
59,1.1.1.14,Solanum lycopersicum (Q3C2L6),762136,-
0,1.1.1.140,Klebsiella aerogenes,285902,14465816
1,1.1.1.140,Clostridium pasteurianum,285903,-
2,1.1.1.140,Streptococcus mutans,285904,6401708
3,1.1.1.140,Clostridium pasteurianum,285905,4318899
4,1.1.1.140,Klebsiella aerogenes,285906,-
5,1.1.1.140,"Escherichia coli, Escherichia coli LJ378",285907,6384188
6,1.1.1.140,Rhaphiolepis bibas,285908,16660798
7,1.1.1.140,Rhaphiolepis bibas,285909,16661650
8,1.1.1.140,Escherichia coli,285910,10473445
9,1.1.1.140,Nicotiana tabacum,285911,9662525
10,1.1.1.140,Malus domestica,657114,100133973
11,1.1.1.140,Lacticaseibacillus casei,668664,16002237
12,1.1.1.140,Escherichia coli,669655,16791965
13,1.1.1.140,Lactiplantibacillus plantarum,684551,17261519
14,1.1.1.140,Fragaria x ananassa (A7BGM9),688138,-
15,1.1.1.140,Pyrus pyrifolia (Q6L5U3),690053,-
16,1.1.1.140,Lacticaseibacillus casei,695750,18676710
17,1.1.1.140,Lactiplantibacillus plantarum,697515,18760354
18,1.1.1.140,Malus domestica,726181,-
19,1.1.1.140,"Eriolobus florentinus (A0A0S1TS61), Malus baccata (A0A0S1TLT7), Malus coronaria (A0A0S1TRV4), Malus domestica (G3FZ80), Malus orientalis (A0A0S1TRG0), Malus sikkimensis (A0A0S1TQ28), Malus toringoides (A0A0S1TRT1)",741403,-
20,1.1.1.140,"Haloarcula marismortui (AAV45891.1), Haloarcula marismortui ATCC 43049 (AAV45891.1)",762584,-
21,1.1.1.140,"Erwinia amylovora (D4I194), Erwinia amylovora, Erwinia amylovora CFBP1430 (D4I194)",763401,29605571
0,1.1.1.141,"Canis lupus familiaris, Gallus gallus, Homo sapiens, Platyrrhini, Sus scrofa",285912,234431
1,1.1.1.141,Sus scrofa,285913,803247
2,1.1.1.141,Homo sapiens,285914,2286636
3,1.1.1.141,Homo sapiens,285915,1117007
4,1.1.1.141,Homo sapiens,285916,187123
5,1.1.1.141,Bos taurus,285917,4337429
6,1.1.1.141,"Canis lupus familiaris, Cavia porcellus, Gallus gallus, Rattus norvegicus, Sus scrofa",285918,204304
7,1.1.1.141,Homo sapiens,285919,241691
8,1.1.1.141,Homo sapiens,285920,171213
9,1.1.1.141,Oryctolagus cuniculus,285921,3954355
10,1.1.1.141,Homo sapiens,285922,2337593
11,1.1.1.141,Homo sapiens,285923,7132749
12,1.1.1.141,Sus scrofa,285924,7190439
13,1.1.1.141,Sus scrofa,285925,2393668
14,1.1.1.141,Bos taurus,285926,4453620
15,1.1.1.141,Homo sapiens,285927,4822191
16,1.1.1.141,Sus scrofa,285928,6957700
17,1.1.1.141,Oryctolagus cuniculus,285929,2255767
18,1.1.1.141,Ovis aries,285930,1879252
19,1.1.1.141,Homo sapiens,285931,2059213
20,1.1.1.141,Homo sapiens,285932,1309294
21,1.1.1.141,Homo sapiens,285933,1508959
22,1.1.1.141,Homo sapiens,285934,8344929
23,1.1.1.141,Homo sapiens,285935,8508808
24,1.1.1.141,Oryctolagus cuniculus,285936,8210445
25,1.1.1.141,Homo sapiens,285937,8086429
26,1.1.1.141,"Bos taurus, Oryctolagus cuniculus, Homo sapiens, Rattus norvegicus, Sus scrofa",285938,8740524
27,1.1.1.141,Homo sapiens,285939,11006085
28,1.1.1.141,Macaca fascicularis,348015,11872167
29,1.1.1.141,Homo sapiens,654158,12664592
30,1.1.1.141,Homo sapiens,654348,12220539
31,1.1.1.141,Homo sapiens,654361,14592457
32,1.1.1.141,Homo sapiens,654374,15581601
33,1.1.1.141,Homo sapiens,654380,15680906
34,1.1.1.141,Homo sapiens,657209,12144871
35,1.1.1.141,Homo sapiens,657210,12468268
36,1.1.1.141,Homo sapiens,667147,16195422
37,1.1.1.141,Homo sapiens,667558,16844092
38,1.1.1.141,Homo sapiens,667924,15908215
39,1.1.1.141,Homo sapiens,668160,16818638
40,1.1.1.141,Homo sapiens,668162,16885386
41,1.1.1.141,Homo sapiens,668172,15358636
42,1.1.1.141,Homo sapiens,668173,16632868
43,1.1.1.141,Homo sapiens,668359,16533162
44,1.1.1.141,"Homo sapiens, Mus musculus",669380,15542609
45,1.1.1.141,Macaca mulatta,670524,15823615
46,1.1.1.141,"Mus musculus, Mus musculus C57/BL6J",670691,16880406
47,1.1.1.141,Homo sapiens,670734,16997128
48,1.1.1.141,"Bos taurus (Q309F3), Bos taurus",670868,16514200
49,1.1.1.141,"Mus musculus, Rattus norvegicus",684372,18057186
50,1.1.1.141,Homo sapiens,685947,17575121
51,1.1.1.141,Homo sapiens,685958,18593902
52,1.1.1.141,"Homo sapiens (P15428), Homo sapiens",686593,18328086
53,1.1.1.141,Mus musculus,687562,17449869
54,1.1.1.141,"Rattus norvegicus, Rattus norvegicus (O08699)",688932,18058808
55,1.1.1.141,Mus musculus,688995,17872381
56,1.1.1.141,Homo sapiens,689069,17412838
57,1.1.1.141,Homo sapiens,689129,18500342
58,1.1.1.141,Homo sapiens,689843,17481556
59,1.1.1.141,Homo sapiens,690004,17636240
60,1.1.1.141,Homo sapiens,695481,19608733
61,1.1.1.141,Homo sapiens,695883,19501039
62,1.1.1.141,Homo sapiens,697090,19138967
63,1.1.1.141,Homo sapiens,697102,19010907
64,1.1.1.141,Homo sapiens,699476,18805827
65,1.1.1.141,Homo sapiens (P15428),700197,18632593
66,1.1.1.141,Homo sapiens,700302,19535459
67,1.1.1.141,Homo sapiens,711448,20122835
68,1.1.1.141,Homo sapiens,724691,20699658
69,1.1.1.141,Homo sapiens,724920,20632471
70,1.1.1.141,Homo sapiens,725664,21650226
71,1.1.1.141,Homo sapiens,725814,20304053
72,1.1.1.141,Homo sapiens,726080,23542179
73,1.1.1.141,Homo sapiens,726267,21072165
74,1.1.1.141,Sus scrofa,726470,22565111
75,1.1.1.141,Rattus norvegicus,739837,24647712
76,1.1.1.141,"Canis lupus familiaris (E2QX67), Canis lupus familiaris",740130,23677986
77,1.1.1.141,"Homo sapiens (P15428), Homo sapiens",740148,24360556
78,1.1.1.141,Homo sapiens (P15428),740159,23791868
79,1.1.1.141,"Homo sapiens (P15428), Homo sapiens",740536,23954207
80,1.1.1.141,"Homo sapiens (P15428), Homo sapiens",740709,23687300
81,1.1.1.141,"Homo sapiens (P15428), Homo sapiens",741014,26082314
82,1.1.1.141,"Homo sapiens (P15428), Homo sapiens",741035,25773924
83,1.1.1.141,"Homo sapiens (P15428), Homo sapiens",741244,26287481
84,1.1.1.141,"Homo sapiens (P15428), Homo sapiens",762674,31669540
85,1.1.1.141,"Mus musculus (Q8VCC1), Mus musculus",763614,28423012
0,1.1.1.142,Trifolium incarnatum,285940,4389340
0,1.1.1.143,Trifolium incarnatum,285940,4389340
0,1.1.1.144,"Pseudomonas sp., Pseudomonas sp. PL-",285942,4234666
1,1.1.1.144,Pseudomonas sp.,285943,4289759
2,1.1.1.144,Acinetobacter calcoaceticus,285944,-
3,1.1.1.144,"Thermus sp., Thermus sp. ATN1",695811,18704396
4,1.1.1.144,Salvia dorisiana (A0A6G5RUH8),763325,32090266
0,1.1.1.145,Ovis aries,2884,4274151
1,1.1.1.145,Macaca mulatta,2898,2050270
2,1.1.1.145,Bos taurus,389369,3867664
3,1.1.1.145,"Pseudomonas sp., Pseudomonas sp. TB",389370,495965
4,1.1.1.145,Homo sapiens,389371,1610797
5,1.1.1.145,Homo sapiens,389372,6957697
6,1.1.1.145,Gallus gallus,389373,6955572
7,1.1.1.145,Bos taurus,389374,28762
8,1.1.1.145,Bos taurus,389376,4226148
9,1.1.1.145,Rattus norvegicus,389377,14220672
10,1.1.1.145,Rattus norvegicus,389378,2961942
11,1.1.1.145,Rattus norvegicus,389379,2945972
12,1.1.1.145,"Comamonas testosteroni, Rattus norvegicus",389380,6603965
13,1.1.1.145,Streptomyces griseocarneus,389381,5856
14,1.1.1.145,Rhinella arenarum,389382,11070354
15,1.1.1.145,Mus musculus,389383,8477648
16,1.1.1.145,Mus musculus,389384,9075693
17,1.1.1.145,Homo sapiens,389385,10686147
18,1.1.1.145,Homo sapiens,389386,11463578
19,1.1.1.145,Homo sapiens,389387,10514560
20,1.1.1.145,Homo sapiens,389388,1381375
21,1.1.1.145,Homo sapiens,389389,11061520
22,1.1.1.145,"Bos taurus, Cricetinae",389390,10704908
23,1.1.1.145,Bos taurus,389391,8119176
24,1.1.1.145,Sus scrofa,389392,8702847
25,1.1.1.145,Sus scrofa,389393,1388046
26,1.1.1.145,Sus scrofa,389394,7841933
27,1.1.1.145,"Homo sapiens, Rattus norvegicus",389395,1562516
28,1.1.1.145,Rattus norvegicus,389396,1955079
29,1.1.1.145,Oncorhynchus mykiss,389397,8070583
30,1.1.1.145,"Bos taurus, Mus musculus, Rattus norvegicus",389399,1926230
31,1.1.1.145,Cricetinae,389400,8547173
32,1.1.1.145,Homo sapiens,389401,7918109
33,1.1.1.145,"Digitalis lanata, Digitalis lanata L.",389402,10550629
34,1.1.1.145,Homo sapiens,655345,12530651
35,1.1.1.145,"Homo sapiens, Homo sapiens (P14060), Homo sapiens (P26439)",656091,12205101
36,1.1.1.145,Homo sapiens,656577,15291757
37,1.1.1.145,Rattus norvegicus,656586,12485408
38,1.1.1.145,Rattus norvegicus,656652,12798361
39,1.1.1.145,Rattus norvegicus,656655,12943749
40,1.1.1.145,Homo sapiens,656657,15084349
41,1.1.1.145,Homo sapiens,656788,15026177
42,1.1.1.145,Rattus norvegicus,657352,12441193
43,1.1.1.145,"Homo sapiens (P14060), Homo sapiens (P26439), Homo sapiens",662371,15797861
44,1.1.1.145,"Rana grylio iridovirus (Q0G9Z6), Rana grylio iridovirus 9506 (Q0G9Z6)",667452,17056005
45,1.1.1.145,Homo sapiens,668413,15758566
46,1.1.1.145,Homo sapiens,668423,15498889
47,1.1.1.145,Sus scrofa (Q9N119),669061,16971583
48,1.1.1.145,Canis lupus familiaris,670027,16979335
49,1.1.1.145,"Homo sapiens (P14060), Homo sapiens",670028,16889958
50,1.1.1.145,Homo sapiens,670036,16023337
51,1.1.1.145,Cavia porcellus,670037,16143518
52,1.1.1.145,Rattus norvegicus (P22071),681643,17428656
53,1.1.1.145,Sus scrofa,684437,22444808
54,1.1.1.145,Homo sapiens,684725,18571493
55,1.1.1.145,Mycobacterium tuberculosis,685186,17630785
56,1.1.1.145,Ovis aries,686344,16009527
57,1.1.1.145,Sus scrofa,686588,17647136
58,1.1.1.145,Homo sapiens,687967,18252794
59,1.1.1.145,Rattus norvegicus,688664,17229994
60,1.1.1.145,Rattus norvegicus,688674,16893643
61,1.1.1.145,Homo sapiens,688685,17624763
62,1.1.1.145,Homo sapiens,688686,17689071
63,1.1.1.145,Digitalis lanata (Q93Y47),689697,17564944
64,1.1.1.145,Rattus norvegicus,690002,17257522
65,1.1.1.145,Homo sapiens,693887,18524572
66,1.1.1.145,Mus musculus,698503,18930903
67,1.1.1.145,Rattus norvegicus (P22071),699111,18335507
68,1.1.1.145,"Homo sapiens, Rattus norvegicus",699845,19429456
69,1.1.1.145,Homo sapiens,700182,18955108
70,1.1.1.145,"Taenia crassiceps, Taenia crassiceps WFU, Taenia solium",700557,18626663
71,1.1.1.145,Homo sapiens,713188,20958862
72,1.1.1.145,"Digitalis lanata (Q93Y47), Digitalis lanata EHRH (Q93Y47)",713329,20514608
73,1.1.1.145,"Pseudomonas sp., Pseudomonas sp. 10590",723061,4046606
74,1.1.1.145,Homo sapiens (P26439),724302,22106846
75,1.1.1.145,"Mycobacterium tuberculosis (P9WQP7), Mycobacterium tuberculosis H37Rv (P9WQP7)",724518,21439822
76,1.1.1.145,Sus scrofa,725447,21930695
77,1.1.1.145,Homo sapiens (P26439),725511,22262841
78,1.1.1.145,"Homo sapiens (P14060), Homo sapiens",725612,20607749
79,1.1.1.145,Sus scrofa,725807,23095516
80,1.1.1.145,"Homo sapiens (P14060), Homo sapiens (P26439)",725813,20420909
81,1.1.1.145,Homo sapiens,725816,21185375
82,1.1.1.145,"Homo sapiens (P14060), Homo sapiens (P26439)",725820,20736065
83,1.1.1.145,Sus scrofa (Q9N119),725931,22544608
84,1.1.1.145,Rattus norvegicus,740247,23667886
85,1.1.1.145,Homo sapiens,740418,26893641
86,1.1.1.145,Heteropneustes fossilis,740503,27163792
87,1.1.1.145,Sus scrofa,740898,27512005
88,1.1.1.145,Homo sapiens,740914,25448736
89,1.1.1.145,"Homo sapiens (P14060), Homo sapiens",740995,25092869
90,1.1.1.145,"Mus musculus (O35469), Mus musculus",740997,24075909
91,1.1.1.145,"Homo sapiens, Homo sapiens (P26439)",740998,25458695
92,1.1.1.145,Sus scrofa,741250,25590624
93,1.1.1.145,Homo sapiens,741261,27706226
94,1.1.1.145,Homo sapiens,741423,27561382
95,1.1.1.145,"Homo sapiens (P26439), Homo sapiens",762899,30826252
96,1.1.1.145,Bufo gargarizans (A0A345GNZ1),763139,30170058
97,1.1.1.145,"Homo sapiens (P26439), Homo sapiens",763193,31187330
98,1.1.1.145,"Homo sapiens (P14060), Homo sapiens (P26439)",763397,29031687
99,1.1.1.145,Solanum lycopersicum,763569,30892648
100,1.1.1.145,Homo sapiens (P14060),763756,31351905
